,sentence,label
0,"Завершение строительства нового стадиона отложено на неопределенный срок из-за обнаруженных дефектов в конструкции.",1
1,"Открытие нового жилого комплекса задерживается на полгода из-за задержек в поставке строительных материалов.",1
2,"Запуск новой ТЭЦ перенесен на следующий год из-за нехватки финансирования.",1
3,"Строительство нового моста задерживается на два месяца из-за неблагоприятных погодных условий.",1
4,"Ввод в эксплуатацию нового детского сада отложен из-за административных проволочек.",1
5,"Открытие нового аэропорта переносится на неопределенный срок из-за технических проблем с навигационной системой.",1
6,"Завершение строительства больницы отложено на три месяца из-за отсутствия необходимых лицензий.",1
7,"Запуск нового промышленного предприятия задерживается из-за проблем с получением разрешений.",1
8,"Ввод в эксплуатацию нового спортивного комплекса отложен из-за финансовых трудностей у подрядчика.",1
9,"Открытие нового торгового центра переносится на следующий год из-за задержек в строительных работах.",1
10,"Запуск новой линии метро задерживается на несколько месяцев из-за протестов местных жителей.",1
11,"Строительство нового автодорожного узла отложено из-за обнаруженных археологических находок.",1
12,"Ввод в эксплуатацию нового парка развлечений переносится на неопределенный срок из-за проблем с поставкой оборудования.",1
13,"Завершение строительства нового жилого дома отложено на полгода из-за нехватки рабочих.",1
14,"Открытие нового музея задерживается из-за необходимости внесения изменений в проект.",1
15,"Строительство новой школы отложено на несколько месяцев из-за недостаточного финансирования.",1
16,"Ввод в эксплуатацию нового медицинского центра переносится на следующий год из-за проблем с подрядчиком.",1
17,"Запуск нового газопровода задерживается из-за задержек в поставке труб.",1
18,"Открытие нового театра отложено на неопределенный срок из-за обнаруженных нарушений в строительстве.",1
19,"Завершение строительства нового офиса задерживается из-за проблем с получением разрешений.",1
20,"Ввод в эксплуатацию нового концертного зала переносится на следующий год из-за нехватки материалов.",1
21,"Открытие нового университетского кампуса отложено на несколько месяцев из-за технических трудностей.",1
22,"Строительство нового бассейна задерживается из-за финансовых проблем у застройщика.",1
23,"Запуск новой больницы отложен на неопределенный срок из-за нехватки оборудования.",1
24,"Открытие нового кинотеатра переносится на следующий год из-за задержек в строительных работах.",1
25,"Завершение строительства нового вокзала задерживается из-за проблем с подрядчиками.",1
26,"Ввод в эксплуатацию новой фабрики отложен на полгода из-за нехватки рабочей силы.",1
27,"Открытие нового торгового центра отложено на неопределенный срок из-за обнаруженных дефектов.",1
28,"Строительство нового жилого комплекса задерживается на несколько месяцев из-за проблем с поставкой материалов.",1
29,"Запуск нового завода перенесен на следующий год из-за задержек в строительных работах.",1
0,"Завершение строительства нового стадиона, начатое в 2019 году, отложено на неопределенный срок из-за обнаруженных дефектов в конструкции, что требует дополнительного времени для устранения.",1
1,"Открытие нового жилого комплекса, который должен был принять первых жильцов еще в прошлом году, задерживается на полгода из-за серьезных задержек в поставке строительных материалов из-за рубежа.",1
2,"Запуск новой ТЭЦ, которая планировалась к открытию в этом месяце, перенесен на следующий год из-за нехватки финансирования, вызванной экономическими трудностями.",1
3,"Строительство нового моста через реку, важного для улучшения транспортной сети города, задерживается на два месяца из-за неблагоприятных погодных условий, препятствующих завершению работ.",1
4,"Ввод в эксплуатацию нового детского сада, рассчитанного на 200 мест, отложен из-за административных проволочек и необходимости дополнительных согласований с местными властями.",1
5,"Открытие нового аэропорта, строительство которого началось еще в 2018 году, переносится на неопределенный срок из-за технических проблем с навигационной системой и отсутствия необходимого оборудования.",1
6,"Завершение строительства больницы, которая должна была начать прием пациентов в этом месяце, отложено на три месяца из-за отсутствия необходимых лицензий и разрешений от государственных органов.",1
7,"Запуск нового промышленного предприятия, который был запланирован на конец года, задерживается из-за проблем с получением разрешений на эксплуатацию оборудования и несоответствия техническим стандартам.",1
8,"Ввод в эксплуатацию нового спортивного комплекса, который должен был стать крупнейшим в регионе, отложен из-за финансовых трудностей у подрядчика и необходимости пересмотра бюджета проекта.",1
9,"Открытие нового торгового центра, ожидаемого многими горожанами, переносится на следующий год из-за задержек в строительных работах, вызванных недостатком рабочей силы и материалов.",1
10,"Запуск новой линии метро, которая должна была значительно сократить время в пути для жителей окраин, задерживается на несколько месяцев из-за протестов местных жителей и сложностей с переселением.",1
11,"Строительство нового автодорожного узла, включающего в себя множество развязок и тоннелей, отложено из-за обнаруженных археологических находок, требующих тщательного изучения и сохранения.",1
12,"Ввод в эксплуатацию нового парка развлечений, который должен был стать крупнейшим в регионе, переносится на неопределенный срок из-за проблем с поставкой оборудования и недостатка финансирования.",1
13,"Завершение строительства нового жилого дома, который уже несколько раз переносился, отложено на полгода из-за нехватки рабочих и проблем с подрядчиками.",1
14,"Открытие нового музея, который должен был стать культурным центром города, задерживается из-за необходимости внесения изменений в проект и получения дополнительных согласований.",1
15,"Строительство новой школы, которая должна была начать работу с нового учебного года, отложено на несколько месяцев из-за недостаточного финансирования и задержек в поставках строительных материалов.",1
16,"Ввод в эксплуатацию нового медицинского центра, который должен был начать прием пациентов в этом месяце, переносится на следующий год из-за проблем с подрядчиком и необходимостью переделки части работ.",1
17,"Запуск нового газопровода, который должен был обеспечить газом несколько регионов, задерживается из-за задержек в поставке труб и других материалов, необходимых для завершения строительства.",1
18,"Открытие нового театра, на который так долго ждали жители города, отложено на неопределенный срок из-за обнаруженных нарушений в строительстве и необходимости проведения дополнительных работ.",1
19,"Завершение строительства нового офиса, который должен был стать штаб-квартирой крупной компании, задерживается из-за проблем с получением разрешений и несоответствия проектной документации.",1
20,"Ввод в эксплуатацию нового концертного зала, который должен был стать главным культурным объектом региона, переносится на следующий год из-за нехватки материалов и задержек в строительных работах.",1
21,"Открытие нового университетского кампуса, который должен был принять студентов уже в этом году, отложено на несколько месяцев из-за технических трудностей и необходимости доработок в инфраструктуре.",1
22,"Строительство нового бассейна, который должен был стать главным спортивным объектом города, задерживается из-за финансовых проблем у застройщика и необходимости поиска дополнительных инвестиций.",1
23,"Запуск новой больницы, строительство которой было завершено еще в прошлом году, отложен на неопределенный срок из-за нехватки оборудования и проблем с поставщиками.",1
24,"Открытие нового кинотеатра, который должен был стать крупнейшим в городе, переносится на следующий год из-за задержек в строительных работах и проблем с подрядчиками.",1
25,"Завершение строительства нового вокзала, который должен был улучшить транспортную доступность региона, задерживается из-за проблем с подрядчиками и необходимостью пересмотра проектной документации.",1
26,"Ввод в эксплуатацию новой фабрики, которая должна была создать множество рабочих мест, отложен на полгода из-за нехватки рабочей силы и задержек в поставке оборудования.",1
27,"Открытие нового торгового центра, который должен был стать главным торговым объектом города, отложено на неопределенный срок из-за обнаруженных дефектов в конструкции и необходимости проведения дополнительных работ.",1
28,"Строительство нового жилого комплекса, который должен был быть завершен еще в прошлом году, задерживается на несколько месяцев из-за проблем с поставкой материалов и нехватки рабочих.",1
29,"Запуск нового завода, который должен был начать производство в этом месяце, перенесен на следующий год из-за задержек в строительных работах и проблем с получением разрешений.",1
0,"Проект по строительству новой школы на 800 мест столкнулся с непредвиденными трудностями, что привело к переносу сроков сдачи объекта на неопределенное время.",1
1,"Запланированное открытие нового медицинского центра в следующем месяце не состоится из-за задержек, связанных с получением необходимых лицензий.",1
2,"Завершение реконструкции центрального парка города откладывается на полгода из-за нехватки финансирования и пересмотра проектной документации.",1
3,"Строительство нового жилого комплекса в центре города затягивается из-за проблем с подключением коммуникаций и согласованием с городскими властями.",1
4,"Ввод в эксплуатацию нового бизнес-центра, строительство которого началось еще в 2017 году, переносится на следующий год из-за недостачи строительных материалов.",1
5,"Запуск новой ветки метро, который должен был состояться к концу года, откладывается из-за технических сложностей и протестов местных жителей.",1
6,"Строительство нового моста через реку задерживается из-за обнаружения археологических находок на строительной площадке, что требует дополнительных исследований.",1
7,"Завершение работ по возведению нового корпуса университетской клиники откладывается на неопределенный срок из-за трудностей с подрядчиками и нехватки рабочих рук.",1
8,"Запуск нового стадиона, который должен был стать одним из крупнейших в регионе, переносится на следующий год из-за обнаруженных нарушений в строительстве.",1
9,"Открытие нового театра, которое было запланировано на конец месяца, задерживается из-за необходимости внесения изменений в проект и получения дополнительных разрешений.",1
10,"Строительство нового торгового центра в пригороде задерживается на несколько месяцев из-за проблем с подрядчиком и нехватки строительных материалов.",1
11,"Запуск нового газопровода, который должен был обеспечить газом несколько регионов, переносится из-за задержек в поставках труб и других необходимых материалов.",1
12,"Завершение строительства нового комплекса для переселенцев откладывается на полгода из-за нехватки финансирования и необходимости пересмотра проектной документации.",1
13,"Ввод в эксплуатацию нового завода по переработке отходов откладывается из-за проблем с экологической экспертизой и согласованием с местными властями.",1
14,"Открытие нового спортивного комплекса в центре города задерживается из-за недочетов в строительстве и необходимости проведения дополнительных работ.",1
15,"Запуск нового музейного комплекса переносится на следующий год из-за трудностей с получением разрешений и нехватки финансирования.",1
16,"Завершение строительства нового бассейна, который должен был стать главным спортивным объектом района, откладывается на несколько месяцев из-за проблем с подрядчиками.",1
17,"Ввод в эксплуатацию нового парка развлечений переносится на неопределенный срок из-за задержек в поставках оборудования и нехватки рабочей силы.",1
18,"Открытие нового жилого комплекса задерживается из-за проблем с подключением к инженерным сетям и задержек в строительных работах.",1
19,"Строительство нового офисного здания в деловом центре города затягивается из-за необходимости пересмотра проектной документации и нехватки строительных материалов.",1
20,"Запуск нового промышленного предприятия, который был запланирован на конец года, откладывается из-за проблем с получением разрешений и нехватки финансирования.",1
21,"Завершение строительства нового вокзала, который должен был улучшить транспортную доступность города, задерживается из-за трудностей с подрядчиками и необходимостью пересмотра бюджета проекта.",1
22,"Ввод в эксплуатацию нового концертного зала, который должен был стать главным культурным объектом региона, откладывается на следующий год из-за проблем с поставками материалов.",1
23,"Открытие нового университетского кампуса, который должен был принять студентов уже в этом году, задерживается из-за технических трудностей и необходимости внесения изменений в проект.",1
24,"Строительство нового детского сада задерживается на несколько месяцев из-за административных проволочек и необходимости получения дополнительных согласований.",1
25,"Запуск новой линии трамвая, который должен был значительно сократить время в пути для жителей, откладывается из-за протестов местных жителей и сложностей с переселением.",1
26,"Завершение реконструкции исторического здания откладывается на неопределенный срок из-за обнаружения скрытых дефектов и необходимости проведения дополнительных работ.",1
27,"Ввод в эксплуатацию нового спортивного комплекса, который должен был стать крупнейшим в регионе, задерживается из-за финансовых трудностей у подрядчика.",1
28,"Открытие нового жилого квартала, запланированное на конец года, откладывается из-за проблем с поставками строительных материалов и нехватки рабочей силы.",1
29,"Строительство нового бизнес-центра в центре города затягивается из-за проблем с подключением к инженерным сетям и согласованием проектной документации.",1
0,"Завершение строительства нового спортивного стадиона, который должен был быть готов к летнему сезону, откладывается на неопределенный срок из-за проблем с лицензированием поставленного оборудования.",1
1,"Открытие нового жилого квартала, который должен был принять первых жильцов уже этой весной, задерживается из-за непредвиденных трудностей с ландшафтным дизайном и благоустройством территории.",1
2,"Запуск нового завода по производству электроники, запланированный на конец этого года, переносится на несколько месяцев из-за проблем с поставками компонентов из-за рубежа.",1
3,"Строительство нового моста через реку столкнулось с дополнительными трудностями, вызванными необходимостью укрепления береговой линии, что привело к переносу сроков сдачи объекта.",1
4,"Ввод в эксплуатацию нового детского сада, который должен был начать работу в сентябре, откладывается из-за задержек в поставке оборудования для детских площадок.",1
5,"Открытие нового торгового центра, на которое так ждали горожане, переносится на полгода из-за необходимости проведения дополнительных работ по улучшению безопасности здания.",1
6,"Завершение строительства нового университетского корпуса, которое должно было завершиться к началу учебного года, задерживается из-за необходимости переделки части фасадных работ.",1
7,"Запуск нового медицинского центра, который должен был стать крупнейшим в регионе, откладывается из-за проблем с сертификацией медицинского оборудования.",1
8,"Строительство нового жилого комплекса на окраине города затягивается из-за трудностей с подключением к центральным коммуникациям и согласованием проектной документации.",1
9,"Ввод в эксплуатацию нового концертного зала, который должен был стать культурным центром города, откладывается на неопределенный срок из-за проблем с акустикой и необходимостью проведения дополнительных тестов.",1
10,"Открытие нового бизнес-центра в деловом районе города задерживается из-за нехватки рабочих и задержек в поставках строительных материалов.",1
11,"Строительство новой линии метро, которая должна была значительно улучшить транспортную инфраструктуру города, откладывается из-за протестов местных жителей и проблем с переселением домов.",1
12,"Завершение работ по возведению нового корпуса больницы откладывается из-за обнаружения скрытых дефектов в конструкции здания и необходимости их устранения.",1
13,"Запуск нового промышленного комплекса, который должен был начать работу в этом месяце, переносится на следующий год из-за нехватки финансирования и проблем с подрядчиками.",1
14,"Ввод в эксплуатацию нового парка развлечений, который должен был стать главной достопримечательностью города, откладывается из-за проблем с лицензированием аттракционов и безопасности.",1
15,"Открытие нового офисного здания, строительство которого началось еще три года назад, задерживается из-за трудностей с получением разрешений и нехватки финансирования.",1
16,"Строительство нового жилого дома в центре города затягивается из-за проблем с подключением к инженерным сетям и задержек в поставках строительных материалов.",1
17,"Запуск новой ветки железной дороги, который должен был значительно улучшить транспортное сообщение между регионами, откладывается из-за сложностей с прокладкой пути через горную местность.",1
18,"Завершение реконструкции старого здания театра откладывается на неопределенный срок из-за необходимости проведения дополнительных реставрационных работ и согласования с культурными организациями.",1
19,"Ввод в эксплуатацию нового торгово-развлекательного комплекса, который должен был стать крупнейшим в регионе, откладывается из-за задержек в строительных работах и проблем с подрядчиками.",1
20,"Открытие нового спортивного комплекса, который должен был стать главным объектом для проведения городских соревнований, задерживается из-за нехватки рабочих и задержек в поставках материалов.",1
21,"Строительство нового жилого комплекса, который должен был завершиться в этом году, затягивается из-за необходимости внесения изменений в проектную документацию и задержек с поставками материалов.",1
22,"Запуск нового завода по производству строительных материалов, запланированный на конец года, откладывается из-за нехватки рабочей силы и проблем с получением необходимых лицензий.",1
23,"Ввод в эксплуатацию нового моста, строительство которого началось еще в прошлом году, откладывается из-за обнаружения дефектов в конструкции и необходимости проведения дополнительных работ.",1
24,"Открытие нового жилого комплекса, который должен был принять первых жильцов уже этой весной, задерживается из-за проблем с ландшафтным дизайном и благоустройством территории.",1
25,"Строительство нового делового центра в центре города затягивается из-за проблем с подключением к инженерным сетям и задержек в поставках строительных материалов.",1
26,"Запуск новой линии трамвая, который должен был значительно сократить время в пути для жителей, откладывается из-за протестов местных жителей и сложностей с переселением.",1
27,"Завершение реконструкции исторического здания музея откладывается на неопределенный срок из-за обнаружения скрытых дефектов и необходимости проведения дополнительных реставрационных работ.",1
28,"Ввод в эксплуатацию нового спортивного комплекса, который должен был стать крупнейшим в регионе, задерживается из-за финансовых трудностей у подрядчика и нехватки рабочих.",1
29,"Открытие нового жилого квартала, запланированное на конец года, откладывается из-за проблем с поставками строительных материалов и нехватки рабочей силы.",1
0,"Планируемое открытие новой библиотеки, которая должна была стать центром культурного развития района, переносится на несколько месяцев из-за задержек в отделочных работах и поставке мебели.",1
1,"Строительство нового аквапарка, обещанного к летнему сезону, задерживается из-за необходимости доработки системы водоочистки и получения дополнительных разрешений от санитарных служб.",1
2,"Запуск нового энергоблока на ТЭЦ, запланированный на конец года, откладывается из-за технических неполадок и необходимости замены оборудования.",1
3,"Открытие новой автомагистрали, которая должна была значительно разгрузить транспортный поток в городе, переносится на неопределенный срок из-за обнаруженных дефектов в дорожном полотне.",1
4,"Завершение строительства новой станции метро, начатое еще пять лет назад, откладывается из-за трудностей с прокладкой туннелей и необходимости проведения дополнительных геологических изысканий.",1
5,"Ввод в эксплуатацию нового спортивного стадиона, который должен был принять международные соревнования, задерживается из-за задержек в строительстве трибун и монтажу осветительного оборудования.",1
6,"Открытие нового ботанического сада, который должен был стать уникальным объектом в регионе, переносится на следующий год из-за проблем с акклиматизацией растений и нехватки специализированного персонала.",1
7,"Запуск нового химического завода, строительство которого началось три года назад, откладывается из-за задержек в получении экологических разрешений и протестов местных жителей.",1
8,"Строительство нового общежития для студентов университета затягивается из-за необходимости внесения изменений в проект и задержек в финансировании.",1
9,"Ввод в эксплуатацию нового терминала аэропорта, который должен был увеличить его пропускную способность вдвое, откладывается из-за проблем с интеграцией новых систем безопасности.",1
10,"Открытие нового центра искусств, строительство которого началось еще пять лет назад, задерживается из-за трудностей с получением лицензий и проблем с подрядчиками.",1
11,"Завершение строительства нового исследовательского института откладывается на несколько месяцев из-за задержек в поставке научного оборудования и необходимости проведения дополнительных испытаний.",1
12,"Запуск нового курортного комплекса, который должен был начать прием туристов уже этим летом, переносится на следующий год из-за проблем с лицензированием и нехваткой персонала.",1
13,"Строительство нового жилого комплекса в экологически чистом районе затягивается из-за необходимости пересмотра проекта и получения дополнительных согласований от властей.",1
14,"Ввод в эксплуатацию нового театрального комплекса, который должен был стать центром культурной жизни города, откладывается из-за проблем с акустикой и необходимостью проведения дополнительных работ.",1
15,"Открытие нового торгового центра, который должен был привлечь множество посетителей, переносится на несколько месяцев из-за задержек в строительных работах и проблем с подрядчиками.",1
16,"Завершение реконструкции старого здания городской администрации откладывается на неопределенный срок из-за обнаружения скрытых дефектов и необходимости проведения дополнительных реставрационных работ.",1
17,"Запуск нового завода по производству автомобилей, который должен был начать работу в этом месяце, откладывается из-за проблем с поставками комплектующих и нехваткой рабочей силы.",1
18,"Строительство нового аквапарка, который должен был стать главным развлекательным объектом региона, задерживается из-за проблем с финансированием и задержек в строительных работах.",1
19,"Ввод в эксплуатацию нового бизнес-центра, который должен был стать крупнейшим в городе, откладывается на следующий год из-за проблем с получением разрешений и нехваткой строительных материалов.",1
20,"Открытие нового музея, который должен был стать главной достопримечательностью города, переносится на несколько месяцев из-за задержек в строительных работах и необходимости внесения изменений в проект.",1
21,"Завершение строительства нового концертного зала, который должен был стать главным культурным объектом региона, откладывается из-за проблем с финансированием и задержек в поставках строительных материалов.",1
22,"Запуск нового промышленного предприятия, которое должно было создать множество рабочих мест, переносится на следующий год из-за проблем с получением разрешений и нехваткой рабочей силы.",1
23,"Строительство нового моста через реку задерживается из-за обнаружения археологических находок и необходимости проведения дополнительных исследований.",1
24,"Ввод в эксплуатацию нового торгового комплекса, который должен был стать крупнейшим в регионе, откладывается из-за проблем с подрядчиками и задержек в строительных работах.",1
25,"Открытие нового детского сада, который должен был начать работу в сентябре, задерживается из-за проблем с получением лицензий и нехваткой специалистов.",1
26,"Завершение строительства нового жилого дома, который должен был принять первых жильцов уже этой весной, откладывается на несколько месяцев из-за задержек в поставках строительных материалов.",1
27,"Запуск нового газопровода, который должен был обеспечить газом несколько регионов, переносится из-за проблем с получением разрешений и задержек в поставках оборудования.",1
28,"Строительство нового культурного центра, который должен был стать главным объектом для проведения городских мероприятий, задерживается из-за проблем с подрядчиками и нехваткой финансирования.",1
29,"Ввод в эксплуатацию нового офисного здания, которое должно было стать штаб-квартирой крупной компании, откладывается на несколько месяцев из-за проблем с подключением к инженерным сетям.",1
0,"Открытие нового спортивного комплекса, который должен был стать главным центром спортивной жизни города, откладывается на несколько месяцев из-за проблем с поставкой оборудования и нехваткой рабочей силы.",1
1,"Строительство нового делового центра в деловом районе города затягивается из-за задержек в поставках строительных материалов и необходимости пересмотра проектной документации.",1
2,"Запуск нового завода по производству медицинского оборудования, который должен был начаться в следующем месяце, переносится из-за проблем с получением необходимых сертификатов.",1
3,"Завершение строительства нового жилого квартала, который должен был быть готов к концу года, задерживается из-за необходимости пересмотра проекта и внесения изменений в документацию.",1
4,"Ввод в эксплуатацию нового детского развлекательного центра, который должен был открыть свои двери для детей уже этим летом, откладывается из-за проблем с лицензированием и нехваткой финансирования.",1
5,"Открытие новой школы, строительство которой началось еще три года назад, задерживается на неопределенный срок из-за проблем с подрядчиками и нехваткой материалов.",1
6,"Строительство нового научно-исследовательского центра затягивается из-за сложностей с интеграцией новых технологий и проблем с финансированием.",1
7,"Запуск нового терминала аэропорта, который должен был значительно увеличить пропускную способность, переносится из-за технических трудностей и задержек в поставках оборудования.",1
8,"Завершение строительства нового корпуса больницы, который должен был начать прием пациентов уже в этом месяце, откладывается из-за задержек в строительных работах и необходимости доработок.",1
9,"Ввод в эксплуатацию нового общежития для студентов университета задерживается из-за проблем с получением разрешений и нехваткой рабочих.",1
10,"Открытие нового культурного центра, который должен был стать центром культурной жизни города, переносится на следующий год из-за проблем с подрядчиками и задержек в поставках материалов.",1
11,"Строительство нового жилого комплекса в пригороде затягивается из-за необходимости пересмотра проектной документации и задержек в поставках строительных материалов.",1
12,"Запуск нового логистического центра, который должен был начать работу в следующем месяце, откладывается из-за проблем с получением разрешений и нехваткой рабочей силы.",1
13,"Завершение реконструкции старого здания городской администрации откладывается на несколько месяцев из-за необходимости проведения дополнительных реставрационных работ и проблем с подрядчиками.",1
14,"Ввод в эксплуатацию нового промышленного комплекса, который должен был создать множество рабочих мест, откладывается на неопределенный срок из-за проблем с получением разрешений и нехваткой финансирования.",1
15,"Открытие нового жилого дома, который должен был принять первых жильцов уже этой весной, задерживается из-за проблем с подключением к инженерным сетям и задержек в строительных работах.",1
16,"Строительство нового бизнес-центра, который должен был стать крупнейшим в городе, затягивается из-за проблем с получением разрешений и нехваткой рабочих.",1
17,"Запуск новой ветки метро, который должен был значительно сократить время в пути для жителей, переносится из-за протестов местных жителей и сложностей с переселением.",1
18,"Завершение работ по возведению нового корпуса школы откладывается из-за проблем с подрядчиками и нехваткой строительных материалов.",1
19,"Ввод в эксплуатацию нового концертного зала, который должен был стать главным культурным объектом региона, откладывается из-за проблем с финансированием и задержек в строительных работах.",1
20,"Открытие нового торгового центра в центре города задерживается из-за проблем с получением разрешений и нехваткой рабочей силы.",1
21,"Строительство нового жилого комплекса на окраине города затягивается из-за необходимости внесения изменений в проектную документацию и задержек в поставках материалов.",1
22,"Запуск нового завода по производству строительных материалов, который должен был начать работу в этом месяце, откладывается из-за проблем с получением необходимых лицензий.",1
23,"Завершение реконструкции старого здания театра откладывается на неопределенный срок из-за обнаружения скрытых дефектов и необходимости проведения дополнительных реставрационных работ.",1
24,"Ввод в эксплуатацию нового спортивного комплекса, который должен был стать крупнейшим в регионе, задерживается из-за финансовых трудностей у подрядчика и нехватки рабочих.",1
25,"Открытие нового жилого квартала, запланированное на конец года, откладывается из-за проблем с поставками строительных материалов и нехватки рабочей силы.",1
26,"Строительство нового делового центра в центре города затягивается из-за проблем с подключением к инженерным сетям и задержек в поставках строительных материалов.",1
27,"Запуск новой линии трамвая, который должен был значительно сократить время в пути для жителей, откладывается из-за протестов местных жителей и сложностей с переселением.",1
28,"Завершение реконструкции исторического здания музея откладывается на неопределенный срок из-за обнаружения скрытых дефектов и необходимости проведения дополнительных реставрационных работ.",1
29,"Ввод в эксплуатацию нового торгово-развлекательного комплекса, который должен был стать крупнейшим в регионе, откладывается из-за проблем с подрядчиками и задержек в строительных работах.",1
30,"Открытие нового детского сада, который должен был начать работу в сентябре, задерживается из-за проблем с получением лицензий и нехваткой специалистов.",1
31,"Завершение строительства нового жилого дома, который должен был принять первых жильцов уже этой весной, откладывается на несколько месяцев из-за задержек в поставках строительных материалов.",1
32,"Запуск нового газопровода, который должен был обеспечить газом несколько регионов, переносится из-за проблем с получением разрешений и задержек в поставках оборудования.",1
33,"Строительство нового культурного центра, который должен был стать главным объектом для проведения городских мероприятий, задерживается из-за проблем с подрядчиками и нехваткой финансирования.",1
34,"Ввод в эксплуатацию нового офисного здания, которое должно было стать штаб-квартирой крупной компании, откладывается на несколько месяцев из-за проблем с подключением к инженерным сетям.",1
35,"Открытие нового ботанического сада, который должен был стать уникальным объектом в регионе, переносится на следующий год из-за проблем с акклиматизацией растений и нехватки специализированного персонала.",1
36,"Запуск нового химического завода, строительство которого началось три года назад, откладывается из-за задержек в получении экологических разрешений и протестов местных жителей.",1
37,"Строительство нового общежития для студентов университета затягивается из-за необходимости внесения изменений в проект и задержек в финансировании.",1
38,"Ввод в эксплуатацию нового терминала аэропорта, который должен был увеличить его пропускную способность вдвое, откладывается из-за проблем с интеграцией новых систем безопасности.",1
39,"Открытие нового центра искусств, строительство которого началось еще пять лет назад, задерживается из-за трудностей с получением лицензий и проблем с подрядчиками.",1
40,"Завершение строительства нового исследовательского института откладывается на несколько месяцев из-за задержек в поставке научного оборудования и необходимости проведения дополнительных испытаний.",1
41,"Запуск нового курортного комплекса, который должен был начать прием туристов уже этим летом, переносится на следующий год из-за проблем с лицензированием и нехваткой персонала.",1
42,"Строительство нового жилого комплекса в экологически чистом районе затягивается из-за необходимости пересмотра проекта и получения дополнительных согласований от властей.",1
43,"Ввод в эксплуатацию нового театрального комплекса, который должен был стать центром культурной жизни города, откладывается из-за проблем с акустикой и необходимостью проведения дополнительных работ.",1
44,"Открытие нового торгового центра, который должен был привлечь множество посетителей, переносится на несколько месяцев из-за задержек в строительных работах и проблем с подрядчиками.",1
45,"Завершение реконструкции старого здания городской администрации откладывается на неопределенный срок из-за обнаружения скрытых дефектов и необходимости проведения дополнительных реставрационных работ.",1
46,"Запуск нового завода по производству автомобилей, который должен был начать работу в этом месяце, откладывается из-за проблем с поставками комплектующих и нехваткой рабочей силы.",1
47,"Строительство нового аквапарка, который должен был стать главным развлекательным объектом региона, задерживается из-за проблем с финансированием и задержек в строительных работах.",1
48,"Ввод в эксплуатацию нового бизнес-центра, который должен был стать крупнейшим в городе, откладывается на следующий год из-за проблем с получением разрешений и нехваткой строительных материалов.",1
0,"Запланированное открытие нового медицинского центра задерживается на шесть месяцев из-за проблем с поставкой высокотехнологичного оборудования и его сертификацией.",1
1,"Строительство нового культурного комплекса затягивается из-за необходимости пересмотра проектной документации и задержек в финансировании от спонсоров.",1
2,"Ввод в эксплуатацию новой линии электропередач откладывается из-за неожиданных технических трудностей и нехватки специализированного оборудования.",1
3,"Завершение строительства нового исследовательского центра, который должен был стать важной частью научного парка, откладывается на неопределенный срок из-за сложностей с подрядчиками.",1
4,"Открытие нового спортивного стадиона, на который так надеялись местные жители, переносится на следующий год из-за проблем с монтажом осветительного оборудования и проверки его безопасности.",1
5,"Строительство нового музея современного искусства, начатое еще в 2019 году, затягивается из-за финансовых трудностей и необходимости пересмотра бюджета проекта.",1
6,"Запуск новой фабрики по производству текстильной продукции, который должен был состояться в этом месяце, откладывается из-за проблем с поставками сырья и оборудования.",1
7,"Ввод в эксплуатацию нового жилого комплекса, который должен был принять первых жильцов в этом году, задерживается из-за проблем с подключением к инженерным сетям и задержек в строительных работах.",1
8,"Открытие новой библиотеки, которая должна была стать центром культурного развития района, переносится на несколько месяцев из-за задержек в отделочных работах и поставке мебели.",1
9,"Строительство нового аквапарка, обещанного к летнему сезону, задерживается из-за необходимости доработки системы водоочистки и получения дополнительных разрешений от санитарных служб.",1
10,"Запуск нового энергоблока на ТЭЦ, запланированный на конец года, откладывается из-за технических неполадок и необходимости замены оборудования.",1
11,"Открытие новой автомагистрали, которая должна была значительно разгрузить транспортный поток в городе, переносится на неопределенный срок из-за обнаруженных дефектов в дорожном полотне.",1
12,"Завершение строительства новой станции метро, начатое еще пять лет назад, откладывается из-за трудностей с прокладкой туннелей и необходимости проведения дополнительных геологических изысканий.",1
13,"Ввод в эксплуатацию нового спортивного стадиона, который должен был принять международные соревнования, задерживается из-за задержек в строительстве трибун и монтажу осветительного оборудования.",1
14,"Открытие нового ботанического сада, который должен был стать уникальным объектом в регионе, переносится на следующий год из-за проблем с акклиматизацией растений и нехватки специализированного персонала.",1
15,"Запуск нового химического завода, строительство которого началось три года назад, откладывается из-за задержек в получении экологических разрешений и протестов местных жителей.",1
16,"Строительство нового общежития для студентов университета затягивается из-за необходимости внесения изменений в проект и задержек в финансировании.",1
17,"Ввод в эксплуатацию нового терминала аэропорта, который должен был увеличить его пропускную способность вдвое, откладывается из-за проблем с интеграцией новых систем безопасности.",1
18,"Открытие нового центра искусств, строительство которого началось еще пять лет назад, задерживается из-за трудностей с получением лицензий и проблем с подрядчиками.",1
19,"Завершение строительства нового исследовательского института откладывается на несколько месяцев из-за задержек в поставке научного оборудования и необходимости проведения дополнительных испытаний.",1
20,"Запуск нового курортного комплекса, который должен был начать прием туристов уже этим летом, переносится на следующий год из-за проблем с лицензированием и нехваткой персонала.",1
21,"Строительство нового жилого комплекса в экологически чистом районе затягивается из-за необходимости пересмотра проекта и получения дополнительных согласований от властей.",1
22,"Ввод в эксплуатацию нового театрального комплекса, который должен был стать центром культурной жизни города, откладывается из-за проблем с акустикой и необходимостью проведения дополнительных работ.",1
23,"Открытие нового торгового центра, который должен был привлечь множество посетителей, переносится на несколько месяцев из-за задержек в строительных работах и проблем с подрядчиками.",1
24,"Завершение реконструкции старого здания городской администрации откладывается на неопределенный срок из-за обнаружения скрытых дефектов и необходимости проведения дополнительных реставрационных работ.",1
25,"Запуск нового завода по производству автомобилей, который должен был начать работу в этом месяце, откладывается из-за проблем с поставками комплектующих и нехваткой рабочей силы.",1
26,"Строительство нового аквапарка, который должен был стать главным развлекательным объектом региона, задерживается из-за проблем с финансированием и задержек в строительных работах.",1
27,"Ввод в эксплуатацию нового бизнес-центра, который должен был стать крупнейшим в городе, откладывается на следующий год из-за проблем с получением разрешений и нехваткой строительных материалов.",1
28,"Открытие нового музея, который должен был стать главной достопримечательностью города, переносится на несколько месяцев из-за задержек в строительных работах и необходимости внесения изменений в проект.",1
29,"Завершение строительства нового концертного зала, который должен был стать главным культурным объектом региона, откладывается из-за проблем с финансированием и задержек в поставках строительных материалов.",1
30,"Запуск нового промышленного предприятия, которое должно было создать множество рабочих мест, переносится на следующий год из-за проблем с получением разрешений и нехваткой рабочей силы.",1
31,"Строительство нового моста через реку задерживается из-за обнаружения археологических находок и необходимости проведения дополнительных исследований.",1
32,"Ввод в эксплуатацию нового торгового комплекса, который должен был стать крупнейшим в регионе, откладывается из-за проблем с подрядчиками и задержек в строительных работах.",1
33,"Открытие нового детского сада, который должен был начать работу в сентябре, задерживается из-за проблем с получением лицензий и нехваткой специалистов.",1
34,"Завершение строительства нового жилого дома, который должен был принять первых жильцов уже этой весной, откладывается на несколько месяцев из-за задержек в поставках строительных материалов.",1
35,"Запуск нового газопровода, который должен был обеспечить газом несколько регионов, переносится из-за проблем с получением разрешений и задержек в поставках оборудования.",1
36,"Строительство нового культурного центра, который должен был стать главным объектом для проведения городских мероприятий, задерживается из-за проблем с подрядчиками и нехваткой финансирования.",1
37,"Ввод в эксплуатацию нового офисного здания, которое должно было стать штаб-квартирой крупной компании, откладывается на несколько месяцев из-за проблем с подключением к инженерным сетям.",1
38,"Открытие нового ботанического сада, который должен был стать уникальным объектом в регионе, переносится на следующий год из-за проблем с акклиматизацией растений и нехватки специализированного персонала.",1
39,"Запуск нового химического завода, строительство которого началось три года назад, откладывается из-за задержек в получении экологических разрешений и протестов местных жителей.",1
40,"Строительство нового общежития для студентов университета затягивается из-за необходимости внесения изменений в проект и задержек в финансировании.",1
41,"Ввод в эксплуатацию нового терминала аэропорта, который должен был увеличить его пропускную способность вдвое, откладывается из-за проблем с интеграцией новых систем безопасности.",1
42,"Открытие нового центра искусств, строительство которого началось еще пять лет назад, задерживается из-за трудностей с получением лицензий и проблем с подрядчиками.",1
43,"Завершение строительства нового исследовательского института откладывается на несколько месяцев из-за задержек в поставке научного оборудования и необходимости проведения дополнительных испытаний.",1
44,"Запуск нового курортного комплекса, который должен был начать прием туристов уже этим летом, переносится на следующий год из-за проблем с лицензированием и нехваткой персонала.",1
45,"Строительство нового жилого комплекса в экологически чистом районе затягивается из-за необходимости пересмотра проекта и получения дополнительных согласований от властей.",1
46,"Ввод в эксплуатацию нового театрального комплекса, который должен был стать центром культурной жизни города, откладывается из-за проблем с акустикой и необходимостью проведения дополнительных работ.",1
47,"Открытие нового торгового центра, который должен был привлечь множество посетителей, переносится на несколько месяцев из-за задержек в строительных работах и проблем с подрядчиками.",1
0,"Открытие нового медицинского центра, который должен был стать крупнейшим в регионе, откладывается на год из-за проблем с сертификацией медицинского оборудования и нехваткой специалистов для его монтажа.",1
1,"Запланированное на этот месяц открытие нового жилого комплекса, включающего несколько многоэтажных зданий и парковую зону, задерживается на неопределенный срок из-за задержек в строительных работах и проблем с подрядчиками.",1
2,"Завершение строительства новой школы в микрорайоне откладывается на несколько месяцев из-за необходимости доработки проектной документации и получения дополнительных разрешений.",1
3,"Запуск новой линии электропередач, которая должна была значительно улучшить энергоснабжение в регионе, переносится на полгода из-за проблем с поставками оборудования и нехваткой специалистов.",1
4,"Строительство нового моста через реку, начатое еще три года назад, затягивается из-за необходимости пересмотра проекта и обнаружения скрытых дефектов в конструкциях.",1
5,"Ввод в эксплуатацию нового спортивного комплекса, который должен был стать главным объектом для проведения городских соревнований, откладывается на следующий год из-за проблем с поставкой оборудования и нехваткой финансирования.",1
6,"Открытие нового культурного центра, который должен был стать центром культурной жизни города, переносится на несколько месяцев из-за задержек в строительных работах и необходимости внесения изменений в проект.",1
7,"Строительство нового жилого квартала, включающего более десяти многоквартирных домов и всю необходимую инфраструктуру, затягивается из-за проблем с финансированием и задержек в поставках строительных материалов.",1
8,"Запуск новой фабрики по производству мебели, строительство которой началось два года назад, откладывается из-за проблем с получением необходимых лицензий и нехваткой рабочей силы.",1
9,"Завершение реконструкции старого здания музея, которое должно было стать частью культурного наследия города, откладывается на неопределенный срок из-за обнаружения скрытых дефектов и необходимости проведения дополнительных реставрационных работ.",1
10,"Открытие нового терминала аэропорта, который должен был увеличить его пропускную способность вдвое, задерживается из-за технических трудностей и необходимости доработки систем безопасности.",1
11,"Строительство нового делового центра в центре города затягивается из-за проблем с подключением к инженерным сетям и задержек в поставках строительных материалов.",1
12,"Запуск новой линии метро, которая должна была значительно улучшить транспортную инфраструктуру города, откладывается из-за протестов местных жителей и сложностей с переселением.",1
13,"Ввод в эксплуатацию нового концертного зала, который должен был стать главным культурным объектом региона, откладывается из-за проблем с финансированием и задержек в строительных работах.",1
14,"Открытие нового детского сада, которое должно было начаться в сентябре, задерживается из-за проблем с получением лицензий и нехваткой специалистов.",1
15,"Завершение строительства нового жилого дома, который должен был принять первых жильцов уже этой весной, откладывается на несколько месяцев из-за задержек в поставках строительных материалов.",1
16,"Запуск нового газопровода, который должен был обеспечить газом несколько регионов, переносится из-за проблем с получением разрешений и задержек в поставках оборудования.",1
17,"Строительство нового культурного центра, который должен был стать главным объектом для проведения городских мероприятий, задерживается из-за проблем с подрядчиками и нехваткой финансирования.",1
18,"Ввод в эксплуатацию нового офисного здания, которое должно было стать штаб-квартирой крупной компании, откладывается на несколько месяцев из-за проблем с подключением к инженерным сетям.",1
19,"Открытие нового ботанического сада, который должен был стать уникальным объектом в регионе, переносится на следующий год из-за проблем с акклиматизацией растений и нехваткой специализированного персонала.",1
20,"Запуск нового химического завода, строительство которого началось три года назад, откладывается из-за задержек в получении экологических разрешений и протестов местных жителей.",1
21,"Строительство нового общежития для студентов университета затягивается из-за необходимости внесения изменений в проект и задержек в финансировании.",1
22,"Ввод в эксплуатацию нового терминала аэропорта, который должен был увеличить его пропускную способность вдвое, откладывается из-за проблем с интеграцией новых систем безопасности.",1
23,"Открытие нового центра искусств, строительство которого началось еще пять лет назад, задерживается из-за трудностей с получением лицензий и проблем с подрядчиками.",1
24,"Завершение строительства нового исследовательского института откладывается на несколько месяцев из-за задержек в поставке научного оборудования и необходимости проведения дополнительных испытаний.",1
25,"Запуск нового курортного комплекса, который должен был начать прием туристов уже этим летом, переносится на следующий год из-за проблем с лицензированием и нехваткой персонала.",1
26,"Строительство нового жилого комплекса в экологически чистом районе затягивается из-за необходимости пересмотра проекта и получения дополнительных согласований от властей.",1
27,"Ввод в эксплуатацию нового театрального комплекса, который должен был стать центром культурной жизни города, откладывается из-за проблем с акустикой и необходимостью проведения дополнительных работ.",1
28,"Открытие нового торгового центра, который должен был привлечь множество посетителей, переносится на несколько месяцев из-за задержек в строительных работах и проблем с подрядчиками.",1
29,"Завершение реконструкции старого здания городской администрации откладывается на неопределенный срок из-за обнаружения скрытых дефектов и необходимости проведения дополнительных реставрационных работ.",1
30,"Запуск нового завода по производству автомобилей, который должен был начать работу в этом месяце, откладывается из-за проблем с поставками комплектующих и нехваткой рабочей силы.",1
31,"Строительство нового аквапарка, который должен был стать главным развлекательным объектом региона, задерживается из-за проблем с финансированием и задержек в строительных работах.",1
32,"Ввод в эксплуатацию нового бизнес-центра, который должен был стать крупнейшим в городе, откладывается на следующий год из-за проблем с получением разрешений и нехваткой строительных материалов.",1
33,"Открытие нового музея, который должен был стать главной достопримечательностью города, переносится на несколько месяцев из-за задержек в строительных работах и необходимости внесения изменений в проект.",1
34,"Завершение строительства нового концертного зала, который должен был стать главным культурным объектом региона, откладывается из-за проблем с финансированием и задержек в поставках строительных материалов.",1
35,"Запуск нового промышленного предприятия, которое должно было создать множество рабочих мест, переносится на следующий год из-за проблем с получением разрешений и нехваткой рабочей силы.",1
36,"Строительство нового моста через реку задерживается из-за обнаружения археологических находок и необходимости проведения дополнительных исследований.",1
37,"Ввод в эксплуатацию нового торгового комплекса, который должен был стать крупнейшим в регионе, откладывается из-за проблем с подрядчиками и задержек в строительных работах.",1
38,"Открытие нового детского сада, который должен был начать работу в сентябре, задерживается из-за проблем с получением лицензий и нехваткой специалистов.",1
39,"Завершение строительства нового жилого дома, который должен был принять первых жильцов уже этой весной, откладывается на несколько месяцев из-за задержек в поставках строительных материалов.",1
40,"Запуск нового газопровода, который должен был обеспечить газом несколько регионов, переносится из-за проблем с получением разрешений и задержек в поставках оборудования.",1
41,"Строительство нового культурного центра, который должен был стать главным объектом для проведения городских мероприятий, задерживается из-за проблем с подрядчиками и нехваткой финансирования.",1
42,"Ввод в эксплуатацию нового офисного здания, которое должно было стать штаб-квартирой крупной компании, откладывается на несколько месяцев из-за проблем с подключением к инженерным сетям.",1
43,"Открытие нового ботанического сада, который должен был стать уникальным объектом в регионе, переносится на следующий год из-за проблем с акклиматизацией растений и нехваткой специализированного персонала.",1
44,"Запуск нового химического завода, строительство которого началось три года назад, откладывается из-за задержек в получении экологических разрешений и протестов местных жителей.",1
45,"Строительство нового общежития для студентов университета затягивается из-за необходимости внесения изменений в проект и задержек в финансировании.",1
46,"Ввод в эксплуатацию нового терминала аэропорта, который должен был увеличить его пропускную способность вдвое, откладывается из-за проблем с интеграцией новых систем безопасности.",1
0,"Проект строительства новой школы, которая должна была открыть свои двери в сентябре, отложен на полгода из-за необходимости доработки проектной документации и получения дополнительных согласований.",1
1,"Власти города сообщили о переносе открытия нового спортивного комплекса на следующий год из-за задержек в поставках оборудования и нехватки специалистов.",1
2,"Неожиданные проблемы с финансированием привели к задержке завершения строительства жилого комплекса, который планировалось сдать в эксплуатацию к концу этого года.",1
3,"Завершение строительства нового делового центра затянулось из-за необходимости пересмотра проектной документации и задержек в поставках строительных материалов.",1
4,"Запланированное открытие новой больницы перенесено на неопределенный срок из-за проблем с лицензированием медицинского оборудования и нехваткой квалифицированных кадров.",1
5,"Подрядчики столкнулись с непредвиденными трудностями при строительстве нового моста через реку, что вызвало значительные задержки в сроках завершения работ.",1
6,"Открытие нового культурного центра, который должен был стать значимым объектом для города, задерживается из-за необходимости доработки систем безопасности и получения дополнительных разрешений.",1
7,"Возведение нового терминала аэропорта идет с опозданием на несколько месяцев из-за трудностей с интеграцией новых систем управления и безопасности.",1
8,"Строительство нового жилого квартала откладывается из-за проблем с финансированием и сложностей с согласованием проектной документации.",1
9,"Запуск новой линии метро перенесен на следующий год из-за протестов местных жителей и необходимости пересмотра маршрута.",1
10,"Проблемы с поставкой строительных материалов привели к задержке завершения реконструкции старого здания городского совета.",1
11,"Строительство нового исследовательского центра отложено на неопределенный срок из-за необходимости проведения дополнительных изысканий и пересмотра проектной документации.",1
12,"Неожиданное увеличение стоимости строительных работ стало причиной задержки ввода в эксплуатацию нового спортивного комплекса.",1
13,"Открытие нового ботанического сада, который должен был стать уникальным объектом в регионе, откладывается на неопределенный срок из-за проблем с акклиматизацией растений.",1
14,"Завершение строительства нового вокзала затягивается из-за необходимости пересмотра проекта и задержек в поставках строительных материалов.",1
15,"Запуск новой фабрики по производству текстильной продукции перенесен из-за проблем с получением необходимых лицензий и нехваткой рабочей силы.",1
16,"Проблемы с финансированием привели к задержке завершения строительства нового аквапарка, который должен был открыться к летнему сезону.",1
17,"Открытие нового терминала аэропорта задерживается из-за технических трудностей и необходимости доработки систем безопасности.",1
18,"Строительство нового делового центра в центре города затягивается из-за проблем с подключением к инженерным сетям и задержек в поставках строительных материалов.",1
19,"Запуск новой линии метро, которая должна была значительно улучшить транспортную инфраструктуру города, откладывается из-за протестов местных жителей и сложностей с переселением.",1
20,"Ввод в эксплуатацию нового концертного зала, который должен был стать главным культурным объектом региона, откладывается из-за проблем с финансированием и задержек в строительных работах.",1
21,"Открытие нового детского сада, которое должно было начаться в сентябре, задерживается из-за проблем с получением лицензий и нехваткой специалистов.",1
22,"Завершение строительства нового жилого дома, который должен был принять первых жильцов уже этой весной, откладывается на несколько месяцев из-за задержек в поставках строительных материалов.",1
23,"Запуск нового газопровода, который должен был обеспечить газом несколько регионов, переносится из-за проблем с получением разрешений и задержек в поставках оборудования.",1
24,"Строительство нового культурного центра, который должен был стать главным объектом для проведения городских мероприятий, задерживается из-за проблем с подрядчиками и нехваткой финансирования.",1
25,"Ввод в эксплуатацию нового офисного здания, которое должно было стать штаб-квартирой крупной компании, откладывается на несколько месяцев из-за проблем с подключением к инженерным сетям.",1
26,"Запланированное открытие нового музея, который должен был стать главной достопримечательностью города, переносится на несколько месяцев из-за задержек в строительных работах и необходимости внесения изменений в проект.",1
27,"Завершение строительства нового концертного зала, который должен был стать главным культурным объектом региона, откладывается из-за проблем с финансированием и задержек в поставках строительных материалов.",1
28,"Запуск нового промышленного предприятия, которое должно было создать множество рабочих мест, переносится на следующий год из-за проблем с получением разрешений и нехваткой рабочей силы.",1
29,"Строительство нового моста через реку задерживается из-за обнаружения археологических находок и необходимости проведения дополнительных исследований.",1
30,"Ввод в эксплуатацию нового торгового комплекса, который должен был стать крупнейшим в регионе, откладывается из-за проблем с подрядчиками и задержек в строительных работах.",1
31,"Открытие нового детского сада, который должен был начать работу в сентябре, задерживается из-за проблем с получением лицензий и нехваткой специалистов.",1
32,"Завершение строительства нового жилого дома, который должен был принять первых жильцов уже этой весной, откладывается на несколько месяцев из-за задержек в поставках строительных материалов.",1
33,"Запуск нового газопровода, который должен был обеспечить газом несколько регионов, переносится из-за проблем с получением разрешений и задержек в поставках оборудования.",1
34,"Строительство нового культурного центра, который должен был стать главным объектом для проведения городских мероприятий, задерживается из-за проблем с подрядчиками и нехваткой финансирования.",1
35,"Ввод в эксплуатацию нового офисного здания, которое должно было стать штаб-квартирой крупной компании, откладывается на несколько месяцев из-за проблем с подключением к инженерным сетям.",1
36,"Неожиданные проблемы с поставками материалов стали причиной задержки завершения строительства нового жилого комплекса на несколько месяцев.",1
37,"Строительство нового исследовательского центра откладывается из-за необходимости доработки проектной документации и получения дополнительных согласований от властей.",1
38,"Запуск нового терминала аэропорта, который должен был значительно увеличить пропускную способность, переносится из-за технических трудностей и задержек в поставках оборудования.",1
39,"Завершение строительства нового корпуса больницы, который должен был начать прием пациентов уже в этом месяце, откладывается из-за задержек в строительных работах и необходимости доработок.",1
40,"Ввод в эксплуатацию нового общежития для студентов университета задерживается из-за проблем с получением разрешений и нехваткой рабочих.",1
41,"Открытие нового культурного центра, который должен был стать центром культурной жизни города, переносится на следующий год из-за проблем с подрядчиками и задержек в поставках материалов.",1
42,"Строительство нового жилого комплекса в пригороде затягивается из-за необходимости пересмотра проектной документации и задержек в поставках строительных материалов.",1
43,"Запуск нового логистического центра, который должен был начать работу в следующем месяце, откладывается из-за проблем с получением разрешений и нехваткой рабочей силы.",1
44,"Завершение реконструкции старого здания городской администрации откладывается на несколько месяцев из-за необходимости проведения дополнительных реставрационных работ и проблем с подрядчиками.",1
45,"Ввод в эксплуатацию нового промышленного комплекса, который должен был создать множество рабочих мест, откладывается на неопределенный срок из-за проблем с получением разрешений и нехваткой финансирования.",1
46,"Открытие нового жилого дома, который должен был принять первых жильцов уже этой весной, задерживается из-за проблем с подключением к инженерным сетям и задержек в строительных работах.",1
47,"Строительство нового бизнес-центра, который должен был стать крупнейшим в городе, затягивается из-за проблем с получением разрешений и нехваткой рабочих.",1
48,"Запуск новой ветки метро, который должен был значительно сократить время в пути для жителей, переносится из-за протестов местных жителей и сложностей с переселением.",1
49,"Завершение работ по возведению нового корпуса школы откладывается из-за проблем с подрядчиками и нехваткой строительных материалов.",1
0,"Новый жилой комплекс в пригороде, планировавшийся к сдаче в этом году, не будет завершен вовремя из-за проблем с получением необходимых разрешений и задержек в строительных работах.",1
1,"Открытие нового стадиона, который должен был стать основным спортивным объектом города, перенесено на несколько месяцев из-за обнаруженных дефектов в конструкции и необходимости их устранения.",1
2,"Завершение строительства новой детской больницы откладывается на неопределенный срок из-за нехватки финансирования и задержек в поставках медицинского оборудования.",1
3,"Строительство нового торгового центра в центре города замедлилось из-за проблем с подрядчиками и необходимости пересмотра проектной документации.",1
4,"Запуск новой ветки метро, которая должна была соединить несколько отдаленных районов города, переносится на следующий год из-за проблем с финансированием и технических трудностей.",1
5,"Проект строительства нового моста через реку, который должен был значительно сократить время в пути для жителей, задерживается из-за протестов местных экологов и необходимости пересмотра маршрута.",1
6,"Открытие нового университетского кампуса, которое должно было состояться в этом году, откладывается на несколько месяцев из-за задержек в строительных работах и необходимости доработки инфраструктуры.",1
7,"Завершение реконструкции исторического здания театра, начатое несколько лет назад, откладывается из-за дополнительных реставрационных работ и проблем с финансированием.",1
8,"Запуск нового медицинского центра, который должен был стать крупнейшим в регионе, переносится из-за задержек в получении лицензий и сертификации оборудования.",1
9,"Строительство нового жилого дома, который должен был стать частью крупного жилого комплекса, затягивается из-за проблем с поставками строительных материалов и нехватки рабочей силы.",1
10,"Ввод в эксплуатацию нового бизнес-центра, который должен был стать крупнейшим в городе, откладывается на неопределенный срок из-за проблем с получением разрешений и нехватки строительных материалов.",1
11,"Открытие нового музея, который должен был стать главным культурным объектом города, переносится на несколько месяцев из-за задержек в строительных работах и необходимости внесения изменений в проект.",1
12,"Завершение строительства нового концертного зала, который должен был стать главным культурным объектом региона, откладывается из-за проблем с финансированием и задержек в поставках строительных материалов.",1
13,"Запуск нового промышленного предприятия, которое должно было создать множество рабочих мест, переносится на следующий год из-за проблем с получением разрешений и нехваткой рабочей силы.",1
14,"Строительство нового моста через реку задерживается из-за обнаружения археологических находок и необходимости проведения дополнительных исследований.",1
15,"Ввод в эксплуатацию нового торгового комплекса, который должен был стать крупнейшим в регионе, откладывается из-за проблем с подрядчиками и задержек в строительных работах.",1
16,"Открытие нового детского сада, который должен был начать работу в сентябре, задерживается из-за проблем с получением лицензий и нехваткой специалистов.",1
17,"Завершение строительства нового жилого дома, который должен был принять первых жильцов уже этой весной, откладывается на несколько месяцев из-за задержек в поставках строительных материалов.",1
18,"Запуск нового газопровода, который должен был обеспечить газом несколько регионов, переносится из-за проблем с получением разрешений и задержек в поставках оборудования.",1
19,"Строительство нового культурного центра, который должен был стать главным объектом для проведения городских мероприятий, задерживается из-за проблем с подрядчиками и нехваткой финансирования.",1
20,"Ввод в эксплуатацию нового офисного здания, которое должно было стать штаб-квартирой крупной компании, откладывается на несколько месяцев из-за проблем с подключением к инженерным сетям.",1
21,"Запланированное открытие нового музея, который должен был стать главной достопримечательностью города, переносится на несколько месяцев из-за задержек в строительных работах и необходимости внесения изменений в проект.",1
22,"Завершение строительства нового концертного зала, который должен был стать главным культурным объектом региона, откладывается из-за проблем с финансированием и задержек в поставках строительных материалов.",1
23,"Запуск нового промышленного предприятия, которое должно было создать множество рабочих мест, переносится на следующий год из-за проблем с получением разрешений и нехваткой рабочей силы.",1
24,"Строительство нового моста через реку задерживается из-за обнаружения археологических находок и необходимости проведения дополнительных исследований.",1
25,"Ввод в эксплуатацию нового торгового комплекса, который должен был стать крупнейшим в регионе, откладывается из-за проблем с подрядчиками и задержек в строительных работах.",1
26,"Открытие нового детского сада, который должен был начать работу в сентябре, задерживается из-за проблем с получением лицензий и нехваткой специалистов.",1
27,"Завершение строительства нового жилого дома, который должен был принять первых жильцов уже этой весной, откладывается на несколько месяцев из-за задержек в поставках строительных материалов.",1
28,"Запуск нового газопровода, который должен был обеспечить газом несколько регионов, переносится из-за проблем с получением разрешений и задержек в поставках оборудования.",1
29,"Строительство нового культурного центра, который должен был стать главным объектом для проведения городских мероприятий, задерживается из-за проблем с подрядчиками и нехваткой финансирования.",1
30,"Ввод в эксплуатацию нового офисного здания, которое должно было стать штаб-квартирой крупной компании, откладывается на несколько месяцев из-за проблем с подключением к инженерным сетям.",1
31,"Неожиданные проблемы с поставками материалов стали причиной задержки завершения строительства нового жилого комплекса на несколько месяцев.",1
32,"Строительство нового исследовательского центра откладывается из-за необходимости доработки проектной документации и получения дополнительных согласований от властей.",1
33,"Запуск нового терминала аэропорта, который должен был значительно увеличить пропускную способность, переносится из-за технических трудностей и задержек в поставках оборудования.",1
34,"Завершение строительства нового корпуса больницы, который должен был начать прием пациентов уже в этом месяце, откладывается из-за задержек в строительных работах и необходимости доработок.",1
35,"Ввод в эксплуатацию нового общежития для студентов университета задерживается из-за проблем с получением разрешений и нехваткой рабочих.",1
36,"Открытие нового культурного центра, который должен был стать центром культурной жизни города, переносится на следующий год из-за проблем с подрядчиками и задержек в поставках материалов.",1
37,"Строительство нового жилого комплекса в пригороде затягивается из-за необходимости пересмотра проектной документации и задержек в поставках строительных материалов.",1
38,"Запуск нового логистического центра, который должен был начать работу в следующем месяце, откладывается из-за проблем с получением разрешений и нехваткой рабочей силы.",1
39,"Завершение реконструкции старого здания городской администрации откладывается на несколько месяцев из-за необходимости проведения дополнительных реставрационных работ и проблем с подрядчиками.",1
40,"Ввод в эксплуатацию нового промышленного комплекса, который должен был создать множество рабочих мест, откладывается на неопределенный срок из-за проблем с получением разрешений и нехваткой финансирования.",1
41,"Открытие нового жилого дома, который должен был принять первых жильцов уже этой весной, задерживается из-за проблем с подключением к инженерным сетям и задержек в строительных работах.",1
42,"Строительство нового бизнес-центра, который должен был стать крупнейшим в городе, затягивается из-за проблем с получением разрешений и нехваткой рабочих.",1
43,"Запуск новой ветки метро, который должен был значительно сократить время в пути для жителей, переносится из-за протестов местных жителей и сложностей с переселением.",1
44,"Завершение работ по возведению нового корпуса школы откладывается из-за проблем с подрядчиками и нехваткой строительных материалов.",1
45,"Проект строительства нового бассейна, который должен был быть завершен в этом месяце, задерживается из-за проблем с получением разрешений и нехваткой квалифицированных рабочих.",1
46,"Запуск новой линии электропередач, который должен был улучшить энергоснабжение в регионе, откладывается на несколько месяцев из-за проблем с получением необходимых компонентов.",1
47,"Строительство нового парка развлечений, который должен был стать крупнейшим в области, задерживается из-за финансовых трудностей и необходимости доработки проектной документации.",1
48,"Ввод в эксплуатацию нового медицинского центра, который должен был начать прием пациентов в этом году, откладывается из-за задержек в получении лицензий и нехватки оборудования.",1
0,"Внезапные изменения в проекте привели к задержке открытия нового концертного зала, который должен был стать крупнейшим культурным объектом города.",1
1,"Из-за отсутствия необходимых документов открытие нового медицинского центра откладывается на неопределенный срок, хотя строительство было завершено еще год назад.",1
2,"Проблемы с финансированием и нехватка строительных материалов стали причиной задержки сдачи нового жилого комплекса в центре города.",1
3,"Запуск нового индустриального парка, который должен был создать сотни рабочих мест, откладывается из-за задержек в поставках оборудования и нехватки квалифицированных специалистов.",1
4,"Открытие нового торгового центра задерживается из-за проблем с пожарной безопасностью и необходимости проведения дополнительных проверок.",1
5,"Ввод в эксплуатацию нового спортивного комплекса, который должен был стать главным местом для тренировок сборных команд, откладывается из-за проблем с лицензированием оборудования.",1
6,"Завершение строительства нового кампуса университета задерживается из-за обнаруженных дефектов в конструкциях зданий и необходимости их устранения.",1
7,"Проблемы с поставками оборудования из-за рубежа стали причиной задержки ввода в эксплуатацию нового научно-исследовательского центра.",1
8,"Запуск новой линии трамвая, который должен был значительно улучшить транспортную инфраструктуру города, откладывается из-за протестов местных жителей и сложностей с переселением.",1
9,"Строительство нового делового центра затягивается из-за задержек в финансировании и необходимости внесения изменений в проектную документацию.",1
10,"Открытие нового аквапарка, который должен был стать крупнейшим в регионе, откладывается из-за проблем с получением разрешений и нехватки специалистов для монтажа оборудования.",1
11,"Завершение реконструкции старого здания музея откладывается из-за обнаружения скрытых дефектов и необходимости проведения дополнительных реставрационных работ.",1
12,"Ввод в эксплуатацию нового промышленного комплекса, который должен был начать работу в этом месяце, откладывается из-за задержек в поставках оборудования и нехватки рабочей силы.",1
13,"Запланированное открытие нового театрального центра переносится на следующий год из-за проблем с финансированием и необходимости доработки проектной документации.",1
14,"Проблемы с подрядчиками привели к задержке завершения строительства нового стадиона, который должен был принять первые соревнования уже этим летом.",1
15,"Открытие нового жилого квартала, который должен был принять первых жильцов уже этой осенью, откладывается из-за задержек в строительных работах и проблем с инженерными сетями.",1
16,"Завершение строительства нового торгово-развлекательного комплекса откладывается на несколько месяцев из-за проблем с получением лицензий и нехватки финансирования.",1
17,"Ввод в эксплуатацию нового парка отдыха, который должен был стать главным местом для семейного отдыха в городе, откладывается из-за задержек в строительных работах и необходимости доработки инфраструктуры.",1
18,"Запуск нового научного центра, который должен был стать основой для инновационных исследований, переносится из-за проблем с поставками оборудования и нехватки специалистов.",1
19,"Строительство нового моста через реку затягивается из-за обнаружения археологических находок и необходимости проведения дополнительных исследований.",1
20,"Открытие нового делового комплекса, который должен был стать крупнейшим в городе, откладывается из-за проблем с получением разрешений и нехватки финансирования.",1
21,"Завершение реконструкции исторического здания библиотеки откладывается на неопределенный срок из-за проблем с подрядчиками и необходимости дополнительных реставрационных работ.",1
22,"Запуск новой ветки метро, которая должна была соединить отдаленные районы города, переносится из-за протестов местных жителей и проблем с переселением.",1
23,"Строительство нового жилого дома в пригороде задерживается из-за необходимости пересмотра проектной документации и задержек в поставках строительных материалов.",1
24,"Ввод в эксплуатацию нового концертного зала, который должен был стать главным культурным объектом региона, откладывается из-за проблем с финансированием и задержек в строительных работах.",1
25,"Проблемы с поставками строительных материалов привели к задержке завершения строительства нового офисного здания, которое должно было стать штаб-квартирой крупной компании.",1
26,"Запуск нового терминала аэропорта, который должен был увеличить его пропускную способность, переносится из-за технических трудностей и задержек в поставках оборудования.",1
27,"Открытие нового учебного корпуса университета, строительство которого началось еще три года назад, задерживается из-за проблем с подрядчиками и необходимости пересмотра проектной документации.",1
28,"Завершение строительства нового жилого комплекса, который должен был принять первых жильцов в этом году, откладывается на несколько месяцев из-за задержек в поставках строительных материалов.",1
29,"Проблемы с финансированием привели к задержке завершения строительства нового музея современного искусства, который должен был стать главной достопримечательностью города.",1
30,"Открытие нового спортивного стадиона, на который так надеялись местные жители, переносится на следующий год из-за проблем с монтажом осветительного оборудования и проверки его безопасности.",1
31,"Запланированное открытие нового медицинского центра переносится на неопределенный срок из-за проблем с лицензированием медицинского оборудования и нехваткой квалифицированных кадров.",1
32,"Подрядчики столкнулись с непредвиденными трудностями при строительстве нового моста через реку, что вызвало значительные задержки в сроках завершения работ.",1
33,"Открытие нового культурного центра, который должен был стать значимым объектом для города, задерживается из-за необходимости доработки систем безопасности и получения дополнительных разрешений.",1
34,"Возведение нового терминала аэропорта идет с опозданием на несколько месяцев из-за трудностей с интеграцией новых систем управления и безопасности.",1
35,"Строительство нового жилого квартала откладывается из-за проблем с финансированием и сложностей с согласованием проектной документации.",1
36,"Запуск новой линии метро перенесен на следующий год из-за протестов местных жителей и необходимости пересмотра маршрута.",1
37,"Проблемы с поставкой строительных материалов привели к задержке завершения реконструкции старого здания городского совета.",1
38,"Строительство нового исследовательского центра отложено на неопределенный срок из-за необходимости проведения дополнительных изысканий и пересмотра проектной документации.",1
39,"Неожиданное увеличение стоимости строительных работ стало причиной задержки ввода в эксплуатацию нового спортивного комплекса.",1
40,"Открытие нового ботанического сада, который должен был стать уникальным объектом в регионе, откладывается на неопределенный срок из-за проблем с акклиматизацией растений.",1
41,"Завершение строительства нового вокзала затягивается из-за необходимости пересмотра проекта и задержек в поставках строительных материалов.",1
42,"Запуск новой фабрики по производству текстильной продукции перенесен из-за проблем с получением необходимых лицензий и нехваткой рабочей силы.",1
43,"Проблемы с финансированием привели к задержке завершения строительства нового аквапарка, который должен был открыться к летнему сезону.",1
44,"Открытие нового терминала аэропорта задерживается из-за технических трудностей и необходимости доработки систем безопасности.",1
45,"Строительство нового делового центра в центре города затягивается из-за проблем с подключением к инженерным сетям и задержек в поставках строительных материалов.",1
46,"Запуск новой линии метро, которая должна была значительно улучшить транспортную инфраструктуру города, откладывается из-за протестов местных жителей и сложностей с переселением.",1
47,"Ввод в эксплуатацию нового концертного зала, который должен был стать главным культурным объектом региона, откладывается из-за проблем с финансированием и задержек в строительных работах.",1
48,"Открытие нового детского сада, которое должно было начаться в сентябре, задерживается из-за проблем с получением лицензий и нехваткой специалистов.",1
49,"Завершение строительства нового жилого дома, который должен был принять первых жильцов уже этой весной, откладывается на несколько месяцев из-за задержек в поставках строительных материалов.",1
0,"Строительство нового медицинского центра затягивается из-за проблем с поставками оборудования и нехватки квалифицированных специалистов.",1
1,"Открытие нового торгового центра, который должен был стать крупнейшим в регионе, откладывается из-за трудностей с получением разрешений и проблем с подрядчиками.",1
2,"Ввод в эксплуатацию нового спортивного стадиона, строительство которого началось три года назад, задерживается из-за технических неполадок и необходимости замены оборудования.",1
3,"Запланированное на этот месяц открытие нового жилого комплекса, включающего несколько многоэтажных зданий и парковую зону, задерживается на неопределенный срок из-за задержек в строительных работах и проблем с подрядчиками.",1
4,"Завершение строительства новой школы в микрорайоне откладывается на несколько месяцев из-за необходимости доработки проектной документации и получения дополнительных разрешений.",1
5,"Запуск новой линии электропередач, которая должна была значительно улучшить энергоснабжение в регионе, переносится на полгода из-за проблем с поставками оборудования и нехватки специалистов.",1
6,"Строительство нового моста через реку, начатое еще три года назад, затягивается из-за необходимости пересмотра проекта и обнаружения скрытых дефектов в конструкциях.",1
7,"Ввод в эксплуатацию нового спортивного комплекса, который должен был стать главным объектом для проведения городских соревнований, откладывается на следующий год из-за проблем с поставкой оборудования и нехватки финансирования.",1
8,"Открытие нового культурного центра, который должен был стать центром культурной жизни города, переносится на несколько месяцев из-за задержек в строительных работах и необходимости внесения изменений в проект.",1
9,"Строительство нового жилого квартала, включающего более десяти многоквартирных домов и всю необходимую инфраструктуру, затягивается из-за проблем с финансированием и задержек в поставках строительных материалов.",1
10,"Запуск новой фабрики по производству мебели, строительство которой началось два года назад, откладывается из-за проблем с получением необходимых лицензий и нехваткой рабочей силы.",1
11,"Завершение реконструкции старого здания городской администрации откладывается на неопределенный срок из-за обнаружения скрытых дефектов и необходимости проведения дополнительных реставрационных работ.",1
12,"Открытие нового терминала аэропорта, который должен был увеличить его пропускную способность вдвое, задерживается из-за технических трудностей и необходимости доработки систем безопасности.",1
13,"Строительство нового делового центра в центре города затягивается из-за проблем с подключением к инженерным сетям и задержек в поставках строительных материалов.",1
14,"Запуск новой линии метро, которая должна была значительно улучшить транспортную инфраструктуру города, откладывается из-за протестов местных жителей и сложностей с переселением.",1
15,"Ввод в эксплуатацию нового концертного зала, который должен был стать главным культурным объектом региона, откладывается из-за проблем с финансированием и задержек в строительных работах.",1
16,"Открытие нового детского сада, которое должно было начаться в сентябре, задерживается из-за проблем с получением лицензий и нехваткой специалистов.",1
17,"Завершение строительства нового жилого дома, который должен был принять первых жильцов уже этой весной, откладывается на несколько месяцев из-за задержек в поставках строительных материалов.",1
18,"Запуск нового газопровода, который должен был обеспечить газом несколько регионов, переносится из-за проблем с получением разрешений и задержек в поставках оборудования.",1
19,"Строительство нового культурного центра, который должен был стать главным объектом для проведения городских мероприятий, задерживается из-за проблем с подрядчиками и нехваткой финансирования.",1
20,"Ввод в эксплуатацию нового офисного здания, которое должно было стать штаб-квартирой крупной компании, откладывается на несколько месяцев из-за проблем с подключением к инженерным сетям.",1
21,"Запланированное открытие нового музея, который должен был стать главной достопримечательностью города, переносится на несколько месяцев из-за задержек в строительных работах и необходимости внесения изменений в проект.",1
22,"Завершение строительства нового концертного зала, который должен был стать главным культурным объектом региона, откладывается из-за проблем с финансированием и задержек в поставках строительных материалов.",1
23,"Запуск нового промышленного предприятия, которое должно было создать множество рабочих мест, переносится на следующий год из-за проблем с получением разрешений и нехваткой рабочей силы.",1
24,"Строительство нового моста через реку задерживается из-за обнаружения археологических находок и необходимости проведения дополнительных исследований.",1
25,"Ввод в эксплуатацию нового торгового комплекса, который должен был стать крупнейшим в регионе, откладывается из-за проблем с подрядчиками и задержек в строительных работах.",1
26,"Открытие нового детского сада, который должен был начать работу в сентябре, задерживается из-за проблем с получением лицензий и нехваткой специалистов.",1
27,"Завершение строительства нового жилого дома, который должен был принять первых жильцов уже этой весной, откладывается на несколько месяцев из-за задержек в поставках строительных материалов.",1
28,"Запуск нового газопровода, который должен был обеспечить газом несколько регионов, переносится из-за проблем с получением разрешений и задержек в поставках оборудования.",1
29,"Строительство нового культурного центра, который должен был стать главным объектом для проведения городских мероприятий, задерживается из-за проблем с подрядчиками и нехваткой финансирования.",1
30,"Ввод в эксплуатацию нового офисного здания, которое должно было стать штаб-квартирой крупной компании, откладывается на несколько месяцев из-за проблем с подключением к инженерным сетям.",1
31,"Неожиданные проблемы с поставками материалов стали причиной задержки завершения строительства нового жилого комплекса на несколько месяцев.",1
32,"Строительство нового исследовательского центра откладывается из-за необходимости доработки проектной документации и получения дополнительных согласований от властей.",1
33,"Запуск нового терминала аэропорта, который должен был значительно увеличить пропускную способность, переносится из-за технических трудностей и задержек в поставках оборудования.",1
34,"Завершение строительства нового корпуса больницы, который должен был начать прием пациентов уже в этом месяце, откладывается из-за задержек в строительных работах и необходимости доработок.",1
35,"Ввод в эксплуатацию нового общежития для студентов университета задерживается из-за проблем с получением разрешений и нехваткой рабочих.",1
36,"Открытие нового культурного центра, который должен был стать центром культурной жизни города, переносится на следующий год из-за проблем с подрядчиками и задержек в поставках материалов.",1
37,"Строительство нового жилого комплекса в пригороде затягивается из-за необходимости пересмотра проектной документации и задержек в поставках строительных материалов.",1
38,"Запуск нового логистического центра, который должен был начать работу в следующем месяце, откладывается из-за проблем с получением разрешений и нехваткой рабочей силы.",1
39,"Завершение реконструкции старого здания городской администрации откладывается на несколько месяцев из-за необходимости проведения дополнительных реставрационных работ и проблем с подрядчиками.",1
40,"Ввод в эксплуатацию нового промышленного комплекса, который должен был создать множество рабочих мест, откладывается на неопределенный срок из-за проблем с получением разрешений и нехваткой финансирования.",1
41,"Открытие нового жилого дома, который должен был принять первых жильцов уже этой весной, задерживается из-за проблем с подключением к инженерным сетям и задержек в строительных работах.",1
42,"Строительство нового бизнес-центра, который должен был стать крупнейшим в городе, затягивается из-за проблем с получением разрешений и нехваткой рабочих.",1
43,"Запуск новой ветки метро, который должен был значительно сократить время в пути для жителей, переносится из-за протестов местных жителей и сложностей с переселением.",1
44,"Завершение работ по возведению нового корпуса школы откладывается из-за проблем с подрядчиками и нехваткой строительных материалов.",1
45,"Проект строительства нового бассейна, который должен был быть завершен в этом месяце, задерживается из-за проблем с получением разрешений и нехваткой квалифицированных рабочих.",1
46,"Запуск новой линии электропередач, который должен был улучшить энергоснабжение в регионе, откладывается на несколько месяцев из-за проблем с получением необходимых компонентов.",1
47,"Строительство нового парка развлечений, который должен был стать крупнейшим в области, задерживается из-за финансовых трудностей и необходимости доработки проектной документации.",1
48,"Ввод в эксплуатацию нового медицинского центра, который должен был начать прием пациентов в этом году, откладывается из-за задержек в получении лицензий и нехватки оборудования.",1